day,price_M,price_E,gas_M,gas_E,total_solar_M,total_solar_E,avg_storage_fraction,avg_profit
1,77.02706130405201,143.46843709345433,48.175433858137474,77.73290433309944,31.824566141862526,42.26709566690056,0.4066666666666668,283.84489876646137
2,86.72486576350768,139.17091240606493,52.77658139486503,75.93552100277606,27.223418605134967,44.064478997223944,0.47,283.1147023631883
3,87.96029672262131,138.17011131106423,53.35396235109414,75.5151214987313,26.64603764890586,44.4848785012687,0.4866666666666667,283.00913307531215
4,93.21695048644392,127.28274408146503,55.79015979447166,70.8949041183301,24.209840205528337,49.1050958816699,0.5400000000000001,283.5666275975282
5,85.59603474346076,139.1148877726335,52.247358686415325,75.91200560392221,27.752641313584675,44.0879943960778,0.47000000000000003,283.62708142104185
6,103.89298058453575,122.38478429769427,60.64314185416447,68.78689554656887,19.356858145835528,51.21310445343113,0.63,275.95821430904533
7,102.04683763214793,124.55686230536794,59.81250050346161,69.7240830672574,20.187499496538393,50.2759169327426,0.6033333333333334,277.40936486633524
8,92.77935275054708,131.38126693591227,55.58858786216892,72.6444846353471,24.411412137831075,47.3555153646529,0.5366666666666667,282.88342076286574
9,101.20915534584293,116.9768705332988,59.43445773597117,66.43664424617724,20.565542264028828,53.56335575382276,0.6233333333333333,278.2364964371847
10,115.47460168129327,104.53672590196426,65.77935204428651,60.93198122844565,14.22064795571349,59.06801877155435,0.7366666666666667,260.56336487433236
11,98.35081209403091,127.7233900033778,58.13901247252671,71.08362442031745,21.86098752747329,48.91637557968255,0.58,279.927039740666
12,89.99545333280737,132.77646443703944,54.30103739336048,73.2371797803834,25.69896260663952,46.76282021961661,0.52,284.05972419443265
13,95.63456348351636,126.97141979951859,56.899892087900625,70.76147893566745,23.100107912099375,49.238521064332545,0.5666666666666667,282.0351221654184
14,101.04860603285233,121.2171373974825,59.36192014311942,68.28150609295855,20.638079856880577,51.71849390704144,0.61,278.48723275510577
15,112.5519705221109,109.17436610495345,64.49491287663938,63.00088827605907,15.505087123360623,56.99911172394093,0.7099999999999999,265.59899999526397
16,106.26300424174315,114.79844968793884,61.704521520488186,65.48287018427467,18.295478479511814,54.517129815725326,0.66,273.42048305181527
17,97.6180498578021,126.38690154831527,57.805521745056126,70.51076601729673,22.194478254943878,49.48923398270327,0.5766666666666667,280.7124209310824
18,106.0721754749405,121.44829595887039,61.619265425353106,68.38164669603489,18.380734574646894,51.618353303965115,0.6300000000000001,273.95485173765803
19,110.35029381490773,115.52420819698823,63.52223368642666,65.80108791118492,16.477766313573344,54.19891208881508,0.6866666666666666,269.32042527715805
20,116.43527565824036,108.1704594833066,66.19990444813772,62.55478208193746,13.800095551862277,57.44521791806254,0.7333333333333331,260.68978490022147
21,96.62999311353025,128.8329320517057,57.3549263408555,71.55815647010704,22.6450736591445,48.44184352989296,0.5733333333333335,280.9699349228193
22,111.87361527647518,112.49300447755012,64.19569409023615,64.46891982560278,15.804305909763858,55.53108017439722,0.7000000000000001,267.16476299207693
23,97.29368274642367,125.94832472966206,57.65771326065193,70.3224749183881,22.342286739348065,49.677525081611904,0.5833333333333334,281.0188139530849
24,97.82053087486202,126.94586448081493,57.897731378242824,70.75052326519611,22.102268621757172,49.24947673480389,0.5700000000000001,280.46910164821844
25,107.42398103460164,116.62870861141768,62.22244988415615,66.28448620404302,17.777550115843855,53.71551379595699,0.6633333333333334,272.4835404302448
26,95.44704139446684,124.0045018297499,56.814049269206606,69.48611594150789,23.18595073079339,50.51388405849211,0.5733333333333331,282.56598091103876
27,96.36996552542278,123.539003759656,57.23616643961621,69.28538076836774,22.76383356038379,50.714619231632255,0.5766666666666668,281.9661130455596
28,95.23851742620528,131.28057890446985,56.71854661019689,72.60165522319011,23.28145338980311,47.398344776809886,0.5466666666666666,281.3257748595135
29,105.20486077001145,113.87126745631717,61.231330104196395,65.07565935858324,18.768669895803605,54.92434064141676,0.6499999999999999,274.29531954223216
30,100.03955113513149,120.37228514632427,58.90540916451579,67.91513044214366,21.094590835484208,52.084869557856344,0.61,279.32893895961627
31,98.19352142794625,126.97974269797373,58.0674756763009,70.76504688669127,21.9325243236991,49.23495311330874,0.58,280.1824491740948
32,96.13043713279637,127.10370955970234,57.12670349102987,70.81818396918328,22.873296508970125,49.18181603081673,0.5633333333333332,281.66704174916686
33,110.84806969146206,118.4547031996851,63.742534994408274,67.0813466980504,16.257465005591726,52.9186533019496,0.6766666666666669,269.0190661518604
34,91.18080964971213,128.43649711053496,54.85037096672267,71.38871676344425,25.14962903327733,48.61128323655574,0.5333333333333333,284.55421588651404
35,100.5647459034973,122.9382481636268,59.1431467739493,69.02606072345269,20.8568532260507,50.97393927654731,0.5966666666666668,278.8036980560715
36,103.88483347740791,120.38761540789194,60.63948372115802,67.92178378440256,19.360516278841978,52.078216215597436,0.6333333333333333,276.02787581855097
37,107.84727569701873,117.09541977521938,62.41096584232142,66.48843024436815,17.58903415767858,53.511569755631854,0.6533333333333332,272.09630464713626
38,98.39101413078781,119.66910538363986,58.157292377088936,67.6097393374062,21.84270762291106,52.3902606625938,0.5900000000000001,280.62072595629354
39,99.06601299888807,125.35345509400199,58.46395827461046,70.066841706959,21.53604172538954,49.933158293041004,0.5833333333333334,279.7594568433481
40,102.29653902819074,120.65300154688379,59.925051025567065,68.03693055819613,20.074948974432935,51.96306944180387,0.6233333333333333,277.43660329982697
41,116.80197221482356,104.43358151576699,66.3602210962419,60.88572948479498,13.6397789037581,59.11427051520502,0.7466666666666666,258.88893550426184
42,106.48081829439947,119.47441660215712,61.80179059885087,67.52511284050338,18.19820940114913,52.47488715949662,0.6433333333333333,273.57222527240253
43,112.68361666117323,112.61607108400796,64.552932986108,64.52316572954035,15.447067013892001,55.47683427045964,0.7066666666666667,266.273816321689
44,98.62747771101657,124.9951660110376,58.26477773839781,69.91273915551608,21.735222261602193,50.08726084448393,0.5833333333333336,280.1451877814858
45,104.3520917310225,118.94679649394669,60.84918058802765,67.29560896143053,19.150819411972353,52.704391038569476,0.6366666666666667,275.58155130681655
46,111.44463838488164,113.80530669928663,64.00625867202318,65.04666084517385,15.993741327976819,54.95333915482615,0.7033333333333334,267.879944512754
47,102.09953868117229,121.60544202338852,59.83626028489158,68.44969910065466,20.163739715108417,51.550300899345345,0.6266666666666666,277.5835216767791
48,110.14968095547354,110.33414628514836,63.4333833981034,63.51508341806833,16.566616601896598,56.48491658193167,0.6999999999999997,268.5674194088604
49,102.7248518430864,111.96672852707734,60.117961444481494,64.23679057413875,19.882038555518502,55.76320942586124,0.64,276.2001198846045
50,97.67205970522231,125.37966970785637,57.83012208317513,70.07811279564311,22.169877916824873,49.9218872043569,0.5733333333333334,280.8189122808246
51,100.40215271463639,122.48818809635432,59.06957711727829,68.83159776716772,20.930422882721707,51.16840223283227,0.5933333333333334,278.96614639793404
52,101.13411928177902,124.02062359658065,59.400559089384885,69.49306495817655,20.599440910615115,50.50693504182346,0.61,278.2402631343682
53,117.20067567319313,110.74027042269255,66.53439915693455,63.69484553402536,13.46560084306545,56.30515446597464,0.7366666666666667,260.4475182968765
54,106.2356844444811,121.48419792319075,61.692318090798324,68.39719590055418,18.307681909201673,51.60280409944581,0.6500000000000001,273.79514616081997
55,119.13839077581876,103.84684446816262,67.37897563978721,60.62242539989835,12.621024360212791,59.37757460010165,0.7566666666666669,255.66074288705468
56,105.36757872210755,119.9640112222955,61.304167186721344,67.73786727998777,18.69583281327866,52.26213272001224,0.64,274.65032372843814
57,104.71366670043997,122.29656070217273,61.01130005272768,68.74874894823299,18.988699947272327,51.251251051767014,0.6300000000000002,275.20760442226845
58,98.7605671282393,124.10378838462267,58.32524784722819,69.52890843200433,21.67475215277181,50.471091567995664,0.59,280.1421494155739
59,112.53015974674932,112.82807021252088,64.48529875037792,64.61657968197203,15.514701249622071,55.38342031802797,0.7033333333333335,266.48920820983597
60,103.33964176836186,118.48049038479216,60.39453639138166,67.09257978553279,19.60546360861834,52.9074202144672,0.63,276.48395593405377
61,106.33481709061877,115.36146102561293,61.73659601683368,65.72976964112854,18.26340398316632,54.27023035887145,0.6566666666666665,273.4242928799351
62,94.17599146851548,129.25844242298479,56.231164103884154,71.7398894450487,23.76883589611585,48.26011055495129,0.5466666666666666,282.54934693544004
63,101.97680115888954,125.08506190479443,59.78092082347716,69.95141355439966,20.219079176522843,50.04858644560034,0.6066666666666668,277.40691835318296
64,119.11463659032361,106.52258293974415,67.36864137803008,61.82043616057367,12.63135862196992,58.17956383942633,0.7566666666666665,256.7339035460476
65,98.21864502762813,122.77182442890783,58.07890382293057,68.95417115959278,21.92109617706943,51.045828840407225,0.5866666666666667,280.6683300084878
66,106.30061999436394,118.07280189420557,61.72132284677055,66.91492153258902,18.27867715322945,53.08507846741098,0.6466666666666666,273.69795558286927
67,97.84099588082317,129.22884201028202,57.90704866735778,71.72725175571556,22.092951332642222,48.27274824428444,0.5666666666666665,279.99425721983425
68,99.69031775817976,121.87480732801187,58.74716380469306,68.56630108021174,21.252836195306937,51.433698919788256,0.5999999999999999,279.5724713196286
69,110.46055026818503,117.71900952728055,63.571049764216625,66.7606348216263,16.42895023578338,53.239365178373696,0.6799999999999999,269.40120733442006
70,93.85102802700212,128.0394582927939,56.08184989079931,71.21889794382062,23.91815010920069,48.781102056179385,0.5466666666666666,283.02162861504473
71,98.07713715351107,121.26393181884748,58.01452634475278,68.30178154077613,21.985473655247215,51.69821845922387,0.5933333333333334,280.8467184488597
72,103.45354984107531,122.97111667747994,60.445738357439794,69.04025618077176,19.554261642560206,50.95974381922824,0.6233333333333333,276.31781281642765
73,112.04730417027918,110.90955881659453,64.27234709188279,63.76973245562528,15.72765290811721,56.23026754437472,0.7033333333333334,266.62384249220196
74,112.93111573101918,111.48801061036936,64.66197037472531,64.025419404975,15.33802962527469,55.974580595024996,0.7099999999999997,265.7545144662273
75,99.40829751103794,123.45757049075223,58.61928081985324,69.25024664928944,21.380719180146762,50.74975335071056,0.5933333333333334,279.695404831454
76,95.5165384271822,121.90058123773444,56.84586776941332,68.5774548874158,23.154132230586686,51.42254511258421,0.5766666666666665,282.6680232966175
77,102.13160658761956,120.86819646871474,59.850716419422334,68.13025726200765,20.149283580577666,51.869742737992354,0.6233333333333334,277.5760319903764
78,117.55770795385934,109.22827159228623,66.69025667815994,63.02481542097396,13.309743321840058,56.97518457902604,0.7466666666666666,259.5987951196067
79,87.05079855549616,139.5847490801626,52.929089963110215,76.10915440388817,27.07091003688979,43.890845596111824,0.47000000000000003,282.7679001928227
80,106.0174296985552,115.15276046968671,61.5948002588745,65.63827991453164,18.4051997411255,54.36172008546836,0.6533333333333335,273.7058033788245
81,96.83596572503853,125.91807360382319,57.44894589051764,70.30948184239641,22.551054109482358,49.69051815760359,0.56,281.35624751968555
82,100.1943362095534,123.60487222823966,58.97550491328967,69.31379559523666,21.024495086710328,50.68620440476334,0.5966666666666666,279.05323828463895
83,97.53344652061465,123.21145546235653,57.7669804074454,69.14402859372555,22.233019592554594,50.85597140627445,0.5866666666666666,281.15004277804206
84,108.08506637380778,115.1659355436054,62.51679194254753,65.64405670763122,17.483208057452476,54.35594329236877,0.6600000000000001,271.65422549792174
85,109.66410102797123,119.06757002018043,63.21816804118179,67.34816365515407,16.78183195881821,52.65183634484593,0.67,270.31635753490997
86,104.76410329744536,121.23804414703905,61.03390404779703,68.29056495384383,18.96609595220297,51.70943504615617,0.6333333333333332,275.20389348100605
87,106.89988929447412,111.25165239066693,61.988805834401745,63.920981550782656,18.01119416559826,56.079018449217344,0.67,272.14260430952856
88,102.40219835248487,118.34842240340036,59.97265686300173,67.03504404390273,20.027343136998272,52.96495595609726,0.6166666666666667,277.30543148192896
89,101.2324370854064,124.5243752520171,59.444974425485185,69.71009379273707,20.555025574514815,50.28990620726293,0.6,278.10514950676486
90,94.59018569078518,128.57374007813615,56.42130586249239,71.44738922975502,23.57869413750761,48.55261077024498,0.5466666666666666,282.4301271367155
91,102.66512385418918,119.47662077387578,60.091071345315555,67.52607111857229,19.908928654684445,52.47392888142771,0.6233333333333333,277.1120109206353
92,104.1128249856011,125.47015784798099,60.74182922659476,70.11701439254996,19.258170773405244,49.88298560745004,0.6133333333333333,275.46162137898926
93,103.43222759272196,119.10893371934588,60.43615494313681,67.36616027241254,19.56384505686319,52.63383972758745,0.62,276.42308673393694
94,103.30212707295173,121.5061931743113,60.377670590596736,68.40672155903033,19.622329409403267,51.59327844096968,0.6266666666666667,276.5310407620662
95,112.04686399413771,112.69838404043357,64.27215286645288,64.55944040421537,15.727847133547119,55.44055959578464,0.7000000000000001,267.0105808478475
96,101.39853861026774,122.9109146084731,59.51998863641282,69.01425507134842,20.480011363587185,50.985744928651584,0.6133333333333332,278.11159213881007
97,104.45330272179818,118.81789248736567,60.89457363270638,67.23950269523294,19.10542636729362,52.76049730476706,0.6366666666666667,275.4838660103234
98,102.05549029281947,121.19748491126613,59.81640166990023,68.27299037359236,20.18359833009977,51.727009626407636,0.6133333333333334,277.6343497384374
99,105.33985711433036,118.31926903865117,61.29176005925751,67.02234131279324,18.708239940742484,52.977658687206755,0.6433333333333333,274.63337244892915
100,102.21637500956435,120.72785621510873,59.888924775831484,68.06939822173685,20.111075224168516,51.93060177826315,0.6133333333333333,277.50504772031303
101,115.26359009340699,108.65561859269798,65.68686994052374,62.77049108877338,14.31313005947626,57.22950891122662,0.73,262.2696816211581
102,110.45938752584624,110.18314858906174,63.57053501838007,63.448208615210355,16.429464981619933,56.551791384789645,0.6933333333333334,268.1947690791659
103,114.31562178633682,109.6577398556464,65.27091123213089,63.215347229204426,14.729088767869113,56.784652770795574,0.7199999999999999,263.68805407260726
104,111.23799520349678,117.40602494969292,63.914945386849666,66.62405491823353,16.08505461315033,53.37594508176648,0.6900000000000001,268.5308922629638
105,105.50612671877626,117.00335990574543,61.36616466632418,66.44821667877483,18.63383533367582,53.55178332122518,0.6533333333333334,274.3907456499805
106,101.49241613103186,120.08003378309364,59.56237274213538,67.78825575171999,20.437627257864623,52.21174424828001,0.6166666666666667,278.1284061197942
107,105.13668885027928,121.6847532645059,61.20080673019132,68.48403727896861,18.799193269808683,51.515962721031386,0.6366666666666667,274.83973821121094
108,99.12532930321998,124.86966414753402,58.490883804911974,69.858735861106,21.509116195088026,50.141264138893995,0.5866666666666666,279.7740346271936
109,104.52670958784623,118.28230192516364,60.927490200154466,67.00623292917389,19.072509799845538,52.99376707082611,0.6433333333333332,275.3937149927685
110,105.37901896274809,118.7215352533178,61.30928717967713,67.19755343849144,18.69071282032287,52.80244656150855,0.6433333333333332,274.61321672112166
111,105.54878828795107,120.65117493914641,61.38525108802801,68.03613822239215,18.614748911971994,51.963861777607846,0.6466666666666667,274.475505659563
112,98.85740053853492,126.08984862720241,58.36923296676329,70.38325088770196,21.630767033236708,49.61674911229804,0.5833333333333334,279.8176595167986
113,111.027813494713,111.14989258313972,63.8220283007399,63.87600193514699,16.177971699260098,56.12399806485301,0.6966666666666668,267.8127060264316
114,106.0975856695234,116.88482287861486,61.63061991649293,66.39642661314784,18.36938008350707,53.603573386852155,0.6533333333333332,273.81303526963256
115,92.27516927209412,130.55892320452625,55.35607210048112,72.29446405152729,24.64392789951888,47.70553594847272,0.5399999999999999,283.4135340928268
116,113.50236619760763,115.72049710884166,64.91342840012103,65.88707384169352,15.086571599878969,54.11292615830648,0.7033333333333333,265.81120964830524
117,109.61236969614559,116.02403428617103,63.19522709250073,66.01997450483753,16.804772907499267,53.980025495162465,0.67,270.1663769805233
118,107.09613543561943,111.46887826350891,62.07632473517907,64.01696743862001,17.923675264820933,55.983032561379986,0.6733333333333332,271.9974065023949
119,97.80954150201084,129.00718510281135,57.892727961038204,71.63259564425151,22.1072720389618,48.36740435574849,0.5666666666666667,280.06816095518826
120,103.73963933849363,122.2832219967285,60.57427898347758,68.74298093362688,19.425721016522413,51.257019066373125,0.63,276.103024450936
121,99.15901527111637,127.83515010070532,58.50617326647331,71.13146525092837,21.493826733526692,48.86853474907163,0.5833333333333334,279.28077227178693
122,98.92194052244982,123.94871356556561,58.398543761388495,69.4620677385183,21.6014562386115,50.53793226148171,0.5866666666666666,280.03232197695274
123,105.17770879032373,118.49672806801703,61.21917359257748,67.09965275027655,18.780826407422524,52.90034724972345,0.6466666666666668,274.7947451158554
124,101.48251424509816,125.1285446059263,59.55790263579732,69.97011808404596,20.44209736420268,50.02988191595404,0.6133333333333333,277.82272493040205
125,98.05143957183238,124.02068746796158,58.00283320866352,69.49309248844736,21.997166791336483,50.50690751155265,0.5866666666666666,280.69184206185867
126,105.21360385216808,118.0435605343983,61.235244411609436,66.90217360090404,18.764755588390564,53.09782639909596,0.6433333333333332,274.7388015215446
127,110.59432304067579,113.60028140613791,63.63026260480942,64.95650021943499,16.369737395190583,55.04349978056502,0.6933333333333332,268.77856967418717
128,106.31804280094265,119.40162812216774,61.72910439436729,67.49346528034056,18.27089560563271,52.50653471965944,0.6466666666666667,273.7297197863893
129,110.25820438734628,111.93244006737052,63.48145243775785,64.22165793008278,16.51854756224215,55.77834206991722,0.6833333333333333,268.82371080326993
130,99.4656779794357,121.24832972429087,58.64530695421443,68.29502154558273,21.354693045785563,51.70497845441727,0.6,279.7733765956781
131,104.93397240929882,119.59399807201117,61.11001523718307,67.57709577556201,18.88998476281693,52.422904224437985,0.6433333333333333,275.05552822200565
132,105.72478331851765,117.17531161079435,61.46397095115043,66.52332266003907,18.536029048849574,53.47667733996092,0.6466666666666666,274.19546619983987
133,106.34597605867972,116.95417581717072,61.741579610387056,66.42672910700409,18.258420389612944,53.5732708929959,0.6466666666666666,273.5775760247815
134,114.11198851880039,110.52552818553568,65.18145537308438,63.59981349030573,14.81854462691563,56.40018650969427,0.7166666666666666,264.15446660262035
135,103.3032483717952,118.71435628961642,60.378174722947534,67.19442775216707,19.621825277052466,52.80557224783293,0.6300000000000001,276.52592693365466
136,103.84085067759571,119.91441867756834,60.619733858232145,67.71632586139462,19.380266141767855,52.28367413860538,0.6366666666666667,276.0676571059219
137,102.41322226166943,123.26566122442931,59.97762313942897,69.16742685852287,20.022376860571026,50.83257314147712,0.6099999999999999,277.215562388397
138,102.23867202732843,121.98045677800842,59.898973676152075,68.61201802940522,20.101026323847925,51.38798197059479,0.6133333333333334,277.4477250469933
139,107.32350406137486,119.76755371020869,62.177676910353384,67.65252034316764,17.82232308964662,52.34747965683236,0.6566666666666666,272.7427915296184
140,104.48321448866005,120.7255905479518,60.90798709163408,68.06841557340866,19.092012908365923,51.931584426591336,0.6266666666666668,275.4755359238706
141,107.62551952022972,115.06733152297183,62.31222718644912,65.60081871122273,17.68777281355088,54.399181288777264,0.67,272.10747887160625
142,111.43873767990866,112.49066523554099,64.00365175945998,64.46788859041902,15.996348240540009,55.532111409580985,0.6999999999999998,267.6485669937316
143,102.98520962926654,124.43214181787575,60.235134848332905,69.67037249321297,19.764865151667095,50.32962750678704,0.6099999999999999,276.60373761680023
144,100.19915185082216,127.87003201580147,58.977685316747944,71.14639507758244,21.022314683252056,48.85360492241757,0.5866666666666667,278.4443375573264
145,106.61515418494542,116.34211189395211,61.86175799517198,66.15915548437303,18.138242004828022,53.84084451562697,0.6633333333333332,273.25896750301814
146,96.88944439422936,127.32127783290649,57.473349549444514,70.91141340315284,22.526650450555486,49.08858659684717,0.5633333333333336,281.08720729130687
147,106.66779722674032,115.36733230474842,61.885253035931385,65.7323429279051,18.11474696406862,54.267657072094906,0.66,273.0991660937828
148,98.60649919729367,124.64432891858105,58.25524428625082,69.7617429471114,21.74475571374918,50.23825705288859,0.5833333333333334,280.2029357743208
149,97.31743986617737,128.49337900766622,57.66854282462205,71.4130359841259,22.33145717537795,48.5869640158741,0.5666666666666668,280.54478076375034
150,104.213125394501,120.99803308055519,60.78683774607596,68.18654684091038,19.213162253924043,51.813453159089626,0.6266666666666666,275.71965355181345
151,108.34027411931856,120.11102153110855,62.630309559871435,67.80171179548265,17.36969044012857,52.198288204517354,0.6600000000000001,271.71422473570095
152,109.51103174831923,114.6799121709197,63.150280185826404,65.43085191252362,16.849719814173596,54.569148087476385,0.6799999999999999,270.1071770477984
153,107.99061328151025,113.96484763165925,62.47476308128884,65.11679362487686,17.52523691871116,54.883206375123144,0.6733333333333333,271.5772444944401
154,108.15779266871476,119.2792405553067,62.54914723957886,67.44024259183071,17.450852760421146,52.55975740816929,0.66,271.89112207238287
155,92.69445507237002,133.20856354756805,55.549455809199216,73.42044820268288,24.45054419080078,46.579551797317116,0.5233333333333334,282.3741685199778
156,98.65214446686142,129.22175130495458,58.27598667256905,71.72422432945925,21.72401332743095,48.275775670540746,0.5800000000000001,279.3800259643378
157,99.94009563492283,125.0154450348802,58.8603566814522,69.92146401948169,21.1396433185478,50.07853598051831,0.5933333333333334,279.10961457478606
158,93.98606131971549,128.4012991668258,56.14390945745974,71.37366703036746,23.856090542540258,48.62633296963254,0.5433333333333332,282.8608105199782
159,104.78747107596867,118.81813496260995,61.044375852872236,67.23960824726504,18.95562414712776,52.76039175273497,0.6366666666666667,275.1734421666906
160,105.66414134470791,118.39719497115355,61.43685014865632,67.056293657935,18.56314985134368,52.943706342065,0.6366666666666667,274.3281870657447
161,106.8773820681637,115.11267667893078,61.97876603139498,65.62070368491432,18.021233968605014,54.37929631508568,0.6566666666666667,272.8602887649532
162,97.31339209765375,125.87593903255446,57.66669771275001,70.29138354070717,22.333302287249992,49.70861645929283,0.57,281.0149392379054
163,95.08276292259956,131.4561961201592,56.647180549054816,72.67635215631705,23.352819450945184,47.323647843682956,0.5466666666666666,281.3812442496343
164,111.3263359829689,111.90943695605978,63.95398696447481,64.21150528815457,16.046013035525196,55.78849471184543,0.69,267.65342900695725
165,100.2714338624072,116.77577438091174,59.010409922004186,66.34877148025504,20.989590077995818,53.651228519744954,0.6133333333333334,278.9940016728424
166,99.002347833227,122.51373269313412,58.435054519872,68.84263954208964,21.564945480128,51.15736045791035,0.5966666666666668,280.0819805951649
167,108.31770540436848,116.00280252311453,62.6202733774479,66.01068100561021,17.379726622552095,53.98931899438979,0.6699999999999999,271.5148139324564
168,99.03044320981185,122.75845471465047,58.44781024774787,68.94839490850546,21.552189752252133,51.05160509149454,0.5966666666666668,280.0446351680648
169,108.08887999517663,116.53903832734746,62.518488714366285,66.24528041858784,17.48151128563371,53.754719581412154,0.6666666666666665,271.80267670203983
170,92.6875357988592,131.75606958721684,55.54626613049013,72.80384697292067,24.45373386950987,47.19615302707933,0.5366666666666667,282.8311985310257
171,105.61071952710921,118.98914962292223,61.41295542783345,67.31404035977269,18.587044572166548,52.68595964022732,0.6466666666666666,274.4016228602403
172,97.56871466945607,122.68912955169382,57.78304786977928,68.91844133795006,22.21695213022072,51.08155866204994,0.5866666666666667,281.1610477203054
173,104.6513550641828,117.22176087397249,60.983370592605695,66.54360665206178,19.0166294073943,53.45639334793821,0.6466666666666667,275.21228648180755
174,105.43237328307947,113.06461857513374,61.33316380740409,64.72076305594278,18.666836192595905,55.27923694405722,0.6533333333333334,273.94048938920474
175,105.21170532593675,122.65786702772549,61.23439444138333,68.90493234991739,18.765605558616667,51.09506765008261,0.6333333333333333,274.71911252974695
176,107.53547592358657,114.53476796713038,62.27212117882912,65.36714082487671,17.727878821170883,54.63285917512329,0.6633333333333333,272.12459117179793
177,102.54651144335358,117.32792771767849,60.0376602221371,66.5899618327432,19.9623397778629,53.41003816725681,0.6299999999999998,277.1185800651029
178,96.44874692411118,125.20696249599534,57.27215531003575,70.00384655215424,22.72784468996425,49.99615344784575,0.57,281.73128834404383
179,103.47771994369725,119.58507685663848,60.45660120600019,67.5732180725091,19.543398793999813,52.42678192749089,0.6266666666666667,276.3922364432909
180,112.31436351244938,111.19545768475416,64.39015320676359,63.89614368180991,15.609846793236414,56.10385631819009,0.7066666666666667,266.39013294300105
181,105.9482500258608,119.55599826371028,61.56388060402152,67.56057828314565,18.436119395978483,52.43942171685436,0.6366666666666666,274.0907333000653
182,103.0248812632272,117.09695633170242,60.25298296781104,66.48910138060933,19.747017032188957,53.510898619390666,0.6266666666666667,276.6799147983046
183,107.6467115169617,119.23995340237222,62.32166511473433,67.42315511374248,17.67833488526567,52.57684488625752,0.6533333333333332,272.4091716591844
184,97.27366094847743,128.8829056487686,57.64858595054223,71.57950706970449,22.35141404945777,48.42049293029551,0.5633333333333334,280.49258979227113
185,102.84931760161662,120.65479704623873,60.17398550330069,68.03770939728014,19.826014496699308,51.962290602719854,0.6233333333333335,276.9530562824708
186,99.04815947717067,127.94138798008902,58.455853272984854,71.17693325365639,21.544146727015146,48.82306674634361,0.5866666666666667,279.34663352628974
187,110.55429115746337,120.97387091296143,63.612544727472525,68.17607259094636,16.387455272527475,51.82392740905364,0.6699999999999999,269.36815353714826
188,107.02036662114428,114.95351098986116,62.04253888918921,65.55089762044204,17.95746111081079,54.44910237955795,0.6533333333333334,272.6976520146834
189,100.22574262117094,125.26690697305237,58.9897245255941,70.02962609791535,21.010275474405898,49.97037390208465,0.6033333333333334,278.8468213699596
190,97.71548315679988,122.40414723579265,57.84989826637701,68.79526694976866,22.150101733622986,51.20473305023134,0.5833333333333334,281.06931921077387
191,110.52957526803891,113.74745176016044,63.60160488017485,65.02122272225503,16.398395119825157,54.97877727774497,0.6866666666666668,268.87344879682195
192,108.57554015996676,118.65960001603503,62.73490235870578,67.17058569816781,17.265097641294215,52.82941430183219,0.6599999999999999,271.4428157484965
193,105.88310374505835,121.58834903649122,61.53475940225593,68.44229793399015,18.46524059774407,51.55770206600985,0.6433333333333333,274.132428673661
194,104.63211769795538,120.18783663949732,60.97474720234441,67.83506434618376,19.02525279765559,52.164935653816244,0.6333333333333333,275.34144182094695
195,106.3221194705187,117.34778200352008,61.730925114696696,66.59862965115485,18.269074885303304,53.40137034884515,0.6466666666666666,273.63130429855306
196,102.5263172312075,119.43889489813334,60.028565356257275,67.50966898465066,19.97143464374273,52.49033101534935,0.6133333333333333,277.2328257719078
197,105.08361358809735,118.59543433383622,61.177039588843186,67.14264335502662,18.822960411156817,52.85735664497338,0.6433333333333334,274.887528915972
198,100.02761549680918,122.2974140269617,58.90000296935569,68.74911794385704,21.09999703064431,51.25088205614296,0.6066666666666667,279.2810910677401
199,105.39713237641551,114.52864722212567,61.317393438308585,65.36445371292012,18.682606561691415,54.63554628707987,0.6533333333333332,274.2142787806723
200,111.55404951056667,115.86081031481635,64.0545903883117,65.94851853639219,15.9454096116883,54.05148146360782,0.6900000000000001,268.040781812614
201,113.62033631398438,107.70940401875822,64.96532109474046,62.34958292502447,15.034678905259542,57.65041707497553,0.7133333333333333,263.9245779388937
202,91.48230916564157,129.29222081072123,54.98983232393186,71.75431007574677,25.010167676068143,48.24568992425323,0.5333333333333333,284.19267621595793
203,96.69107451192774,124.88926770956573,57.38281275853066,69.86717207439492,22.61718724146934,50.132827925605085,0.5733333333333334,281.597743488454
204,105.40490641548065,118.55389468236129,61.320872439363704,67.1245521491698,18.679127560636296,52.875447850830206,0.6499999999999999,274.58206560805684
205,96.05545362679528,125.25338645262208,57.09242357611776,70.02381175129288,22.90757642388224,49.97618824870712,0.5666666666666665,282.0028155010264
206,110.05966391004937,117.49921645608025,63.39350322833879,66.66473051114798,16.60649677166121,53.33526948885201,0.6733333333333335,269.8185942608783
207,100.17125917975413,121.56664299334543,58.965055868362086,68.43289899399551,21.034944131637918,51.5671010060045,0.6099999999999999,279.1978732880227
208,98.3016676085317,127.17892457315855,58.11666408543991,70.85041825836035,21.88333591456009,49.14958174163965,0.58,280.065312078707
209,113.7346252390757,112.49463812806252,65.01558265043849,64.46964000376934,14.984417349561516,55.53035999623066,0.7133333333333334,265.037161485843
210,97.84122426320467,123.14713694163981,57.90715264254102,69.11626200993524,22.09284735745898,50.88373799006476,0.5866666666666666,280.92592944263055
211,91.68136463568864,126.15245001316791,55.08184911607173,70.4101293809998,24.91815088392827,49.589870619000195,0.5399999999999999,284.6804583886473
212,101.17014480456726,120.51420683949273,59.4168348737515,67.9767170675687,20.5831651262485,52.02328293243131,0.6066666666666668,278.3982158715786
213,108.29574563889985,113.38213434200358,62.610507528265174,64.86052800316659,17.389492471734822,55.139471996833414,0.6700000000000002,271.1679691666889
214,101.7479506720159,121.40420161423845,59.6776964515513,68.36254790552027,20.322303548448705,51.63745209447972,0.6166666666666667,277.8918794637696
215,101.64516830491684,121.03866567785188,59.631318423194756,68.20415990000971,20.368681576805244,51.795840099990286,0.6166666666666667,277.9892480129942
216,99.00209571495863,123.01582379868346,58.434940050565814,69.05956316379672,21.56505994943419,50.940436836203276,0.5933333333333334,280.0488643761017
217,104.74574267998823,122.47954336954079,61.025675724195565,68.82786092204641,18.974324275804435,51.17213907795359,0.6266666666666667,275.1673305210152
218,104.94659703840372,117.23430276662025,61.115670665800764,66.54908327019962,18.884329334199233,53.45091672980038,0.6399999999999999,274.93756853438464
219,110.6292042253874,114.25753306845878,63.64569960652969,65.24539667704718,16.354300393470314,54.75460332295282,0.69,268.8463046005062
220,105.63229865491859,117.1739109149519,61.42260776075809,66.52271095944528,18.57739223924191,53.47728904055473,0.6466666666666667,274.2838582418754
221,103.73019858298133,125.29609942023922,60.57003853804815,70.0421794851951,19.42996146195185,49.95782051480489,0.6166666666666667,275.8331268983133
222,102.61465966624371,123.58767646447147,60.06834908221404,69.30637789666976,19.931650917785955,50.69362210333024,0.6166666666666667,277.0128847611179
223,113.9418465923472,109.29697295169427,65.10668397033037,63.055306092400784,14.893316029669629,56.944693907599216,0.7200000000000001,264.0284866688448
224,106.84023227670237,119.80497419714654,61.962193549002635,67.66877939548992,18.03780645099737,52.33122060451008,0.6599999999999999,273.2234655071758
225,110.7249425883376,112.4377089682018,63.68806376348455,64.44454194058947,16.31193623651545,55.555458059410526,0.6966666666666665,268.4222209390647
226,98.29659653051331,122.86417241901303,58.11435787296317,68.99406522040061,21.885642127036835,51.00593477959938,0.5933333333333334,280.6028699708726
227,102.70440591746319,119.29087734409343,60.10875690381389,67.44530362483349,19.89124309618611,52.55469637516651,0.6233333333333334,277.0738048099898
228,102.47068572794149,124.25349562859309,60.00350846170172,69.59341729865147,19.99649153829828,50.406582701348526,0.6099999999999999,277.0749434472243
229,99.2120150182922,122.90593819361165,58.53022648265065,69.01210563984804,21.469773517349353,50.98789436015195,0.5966666666666666,279.8924828497944
230,109.53729504922859,116.2505087227768,63.16192979489192,66.1190817668633,16.838070205108085,53.8809182331367,0.67,270.26936063896767
231,106.57372456444008,116.61307021041155,61.84326571790324,66.27764925819775,18.156734282096757,53.722350741802245,0.6499999999999999,273.3253019097349
232,100.39091832629234,123.77796272040254,59.06449280140174,69.38844800194029,20.935507198598263,50.61155199805971,0.6,278.87765299105115
233,94.69428469411432,129.42030460917,56.46906375434695,71.80898356844743,23.530936245653056,48.19101643155257,0.5533333333333333,282.17137339873244
234,108.2667022021894,116.04175160639436,62.597590758411144,66.02772937303054,17.402409241588852,53.97227062696946,0.67,271.5712760229205
235,105.63081813268305,116.79832579841525,61.421945538452846,66.35862748596205,18.578054461547154,53.64137251403795,0.6600000000000001,274.25458650851766
236,96.62491892223917,128.81256879981734,57.352609560337626,71.54945597524934,22.647390439662377,48.45054402475066,0.5666666666666667,280.97804335364816
237,100.27271526163842,124.56203330820426,59.0109900073209,69.72630967900216,20.989009992679104,50.27369032099785,0.5966666666666669,278.89393703033585
238,98.30303459059958,122.66011041049477,58.11728575350838,68.90590177446691,21.88271424649162,51.094098225533095,0.5899999999999999,280.6114981725876
239,100.11889410144889,124.05048824156411,58.94134343153244,69.50593706081301,21.058656568467562,50.494062939186996,0.6033333333333333,279.07275226011996
240,110.89908767807609,112.04001818083793,63.76510117709411,64.26913216432368,16.234898822905894,55.730867835676314,0.6933333333333332,268.15076378497287
241,107.48486948066179,115.49450109426071,62.249577336204304,65.78807154055133,17.750422663795696,54.21192845944868,0.6666666666666666,272.302716467548
242,106.719995700667,117.32446321700031,61.90854702033738,66.58844929526711,18.09145297966262,53.41155070473289,0.6499999999999999,273.24004334095986
243,102.87908141382354,122.10245289907496,60.18738035981229,68.66479719354285,19.812619640187712,51.335202806457154,0.62,276.8819430574629
244,105.10249320461169,118.36312066249573,61.185494212340274,67.04144810916543,18.814505787659723,52.95855189083456,0.6466666666666667,274.8596978087175
245,108.51674875364239,112.58865972807013,62.70877022548604,64.51108440195182,17.29122977451396,55.48891559804818,0.67,270.79368913435604
246,98.38340716186947,126.62466847302794,58.153833613282,70.61278177154841,21.846166386718,49.38721822845159,0.58,280.09801391777296
247,109.61013466118884,112.68345309707779,63.194235880157464,64.55286090857751,16.80576411984254,55.44713909142249,0.6766666666666665,269.6685721811857
248,89.89866423920704,134.92395638172673,54.256108622000525,74.14665905153447,25.743891377999475,45.85334094846553,0.5066666666666667,283.36852070961993
249,106.49602226441667,121.83560465806654,61.80857851041665,68.54933485631989,18.191421489583348,51.45066514368011,0.64,273.52789752720105
250,93.97651048359226,126.57689855525354,56.13952069238723,70.59228926662843,23.86047930761277,49.40771073337158,0.55,283.2066457713564
251,99.35215722941007,120.85788233861345,58.59381384320888,68.12578505892915,21.40618615679112,51.874214941070846,0.6,279.8719512829139
252,111.52557478896269,110.9285846162184,64.04201290224881,63.7781471159165,15.957987097751188,56.2218528840835,0.6966666666666665,267.2111416161396
253,104.16428310755587,120.35439855908207,60.76492164682855,67.90736740590802,19.235078353171453,52.092632594091974,0.6333333333333333,275.7728537465648
254,108.57107696478536,116.69077393083131,62.732918632114774,66.31161842891086,17.267081367885226,53.68838157108913,0.6699999999999999,271.321480559135
255,103.87455939695938,121.1825712512125,60.6348704613586,68.26652784657556,19.365129538641394,51.733472153424444,0.6300000000000001,276.0246491265464
256,106.7367785413611,118.57420218841824,61.916035937937565,67.13339658695503,18.083964062062435,52.86660341304498,0.65,273.2946463118536
257,104.41901170322735,117.98841921250484,60.879195276950426,66.87813245522165,19.120804723049574,53.121867544778354,0.6433333333333333,275.4780236458567
258,106.36651225034721,114.827328283971,61.750750755290866,65.49554121086399,18.249249244709134,54.50445878913601,0.6533333333333331,273.3236791889094
259,103.64752489539867,117.43479669727391,60.53290070601345,66.63661380911918,19.467099293986546,53.36338619088081,0.6366666666666666,276.14783557062907
260,108.11472671951559,114.5520086516483,62.529988179248114,65.37470960273164,17.470011820751886,54.62529039726836,0.6699999999999999,271.5400763991327
261,103.75557095852217,120.78842939384356,60.58143468821109,68.09566799335302,19.418565311788914,51.90433200664698,0.6266666666666667,276.1409024313168
262,102.53372777559255,120.7268213306152,60.031902890613885,68.06894937985021,19.968097109386115,51.93105062014979,0.6199999999999999,277.22913676467834
263,112.10731550482426,112.79488905017458,64.29882513264724,64.60196162037957,15.701174867352767,55.39803837962044,0.7033333333333334,266.9610719092445
264,94.35862094111128,130.75957153725656,56.31502650165699,72.37991437580298,23.684973498343012,47.62008562419702,0.5466666666666667,282.05544763726294
265,104.56212076497931,121.9589295370354,60.94336711246682,68.60270343814918,19.056632887533187,51.397296561850816,0.6233333333333333,275.3653739713665
266,89.2172822586664,133.51100974505465,53.93949942454786,73.54864464658257,26.060500575452135,46.451355353417426,0.5033333333333333,284.22714643011204
267,104.37913972483466,122.1311512477361,60.86131258501942,68.67721118755648,19.13868741498058,51.32278881244353,0.6233333333333333,275.52636702487837
268,105.66352602902766,115.99857636602414,61.436574943710056,66.00883109884259,18.563425056289947,53.99116890115741,0.6566666666666666,274.14585584983377
269,102.8491689134082,121.71293002308876,60.17391858566146,68.49623529684078,19.82608141433854,51.50376470315921,0.62,276.92567018385114
270,106.08102936155844,114.04543680528266,61.6232218369104,65.15221129730548,18.376778163089593,54.84778870269452,0.66,273.4855854764065
271,91.252249350247,129.9983175722835,54.88342566118779,72.05555748629827,25.116574338812207,47.94444251370173,0.53,284.1546922703865
272,94.27289837805468,132.36528501182121,56.27566786537307,73.06265629125852,23.724332134626927,46.93734370874149,0.5433333333333333,281.64788100400943
273,101.4380517188934,118.88025506106018,59.53782923678902,67.26664814422809,20.462170763210977,52.733351855771915,0.6133333333333334,278.1532351666073
274,103.46015271112118,116.53699479718563,60.44870596513694,66.24438686193764,19.55129403486306,53.755613138062365,0.6366666666666666,276.24324917122874
275,106.97837615617108,112.76929199727995,62.023812669122,64.59068408312538,17.976187330878,55.409315916874625,0.6633333333333334,272.38442187120097
276,100.79115309382871,124.1785697162588,59.24554508703487,69.56113395878975,20.754454912965127,50.43886604121025,0.6033333333333334,278.50972285396995
277,95.5841021611269,128.23190683452765,56.8767960074428,71.30122591523543,23.1232039925572,48.698774084764565,0.5566666666666668,281.83157847034687
278,106.75085856666583,116.03524713304378,61.92231858300888,66.02488239784262,18.07768141699112,53.975117602157376,0.6633333333333334,273.09413740532983
279,99.2532637743962,122.65165195743351,58.548944619031985,68.90224663362238,21.451055380968015,51.097753366377624,0.5966666666666669,279.87703732220416
280,100.06409013725148,120.83678882708234,58.91652353060405,68.11663864570215,21.08347646939595,51.883361354297854,0.61,279.30392231495836
281,109.41025249933014,111.88164535035146,63.10557156151505,64.19923855626013,16.894428438484947,55.800761443739866,0.6866666666666668,269.7168227804857
282,102.05080040450741,120.78071252358806,59.81428718123571,68.0923214596896,20.185712818764287,51.9076785403104,0.6133333333333333,277.64715164781575
283,112.30670566957888,111.35210205473277,64.38677605425386,63.96537274927741,15.61322394574615,56.03462725072259,0.7066666666666668,266.4347759483168
284,106.4238299990471,117.47696331102361,61.77634581203054,66.65501828704254,18.223654187969455,53.34498171295747,0.6599999999999999,273.5412511594071
285,99.58329330149289,118.83277468876236,58.69864306403183,67.2459809824209,21.301356935968176,52.7540190175791,0.6033333333333333,279.672191043899
286,106.48084457841321,117.19809887184,61.801802333713205,66.53327389192856,18.198197666286795,53.46672610807145,0.6500000000000001,273.4652703359491
287,98.9484536516709,127.47456435479113,58.41058340404773,70.9770756086892,21.589416595952272,49.0229243913108,0.58,279.5138439197135
288,106.49078050786166,115.7349606898478,61.8062383192801,65.89340839720927,18.193761680719906,54.106591602790736,0.6533333333333332,273.31640446548414
289,109.89816645389433,111.88173781163502,63.321936284367396,64.19927936822995,16.678063715632607,55.80072063177005,0.6799999999999998,269.1990072591079
290,106.90547970638475,117.15285527867329,61.99129947494504,66.51351550839937,18.008700525054962,53.48648449160063,0.6500000000000001,273.0441048509705
291,94.29566655043205,128.43871172116383,56.28612244357065,71.38966364201212,23.713877556429356,48.610336357987876,0.5466666666666667,282.652162294375
292,101.72137703079736,118.56221476712064,59.665706782821005,67.12817580095049,20.334293217178995,52.871824199049506,0.6200000000000002,277.9010960938868
293,99.66056300916894,122.47717081952901,58.73367536167888,68.82683533221044,21.266324638321127,51.17316466778956,0.6,279.5652772327864
294,106.3627725212953,119.29601394069357,61.749080680691506,67.44753757988902,18.250919319308494,52.552462420110984,0.6433333333333333,273.6839223117152
295,106.55272890578993,115.68863641957063,61.83389358809754,65.87311930112975,18.16610641190246,54.12688069887025,0.6566666666666666,273.25044111594167
296,103.65473254707973,115.98689723307866,60.5361387258405,66.0037187358982,19.463861274159502,53.996281264101796,0.6366666666666668,276.0127486884751
297,111.60728732415451,116.14553004313427,64.0781039201106,66.07314769220652,15.92189607988939,53.92685230779348,0.6866666666666668,268.0120825126679
298,104.28643454933402,120.00864481831444,60.81972796382152,67.75725293252373,19.180272036178483,52.24274706747628,0.6333333333333332,275.6607820497716
299,109.11354487701658,110.58450585347454,62.97388815273233,63.62591771217115,17.026111847267668,56.37408228782885,0.6799999999999999,269.72931506235363
300,108.16642977366942,116.41542939644127,62.55298947897633,66.19122450875128,17.447010521023675,53.80877549124872,0.6599999999999998,271.71175141310675
301,94.31762562658938,128.1823580034505,56.29620495308114,71.28003204245282,23.703795046918863,48.71996795754718,0.5466666666666666,282.69086806052167
302,103.44416360436756,118.41968485541555,60.441519712388214,67.06609154619265,19.558480287611783,52.93390845380735,0.6266666666666667,276.3875797329931
303,97.89644444725234,121.67549655611805,57.93229098010134,68.48002980941604,22.067709019898658,51.51997019058397,0.5866666666666667,280.9689401880114
304,103.9492165026334,117.02717412287004,60.66839054158838,66.45861989810484,19.331609458411624,53.54138010189516,0.64,275.84340229666793
305,108.3903602936712,116.03571349255833,62.65258088069826,66.02508652227618,17.34741911930174,53.974913477723824,0.6666666666666666,271.4436868197741
306,113.28941871179764,109.67487734515086,64.81972553422057,63.22294662835305,15.180274465779432,56.77705337164695,0.7066666666666667,264.8926944889386
307,105.57081184378089,114.33369722100198,61.395103542048304,65.27884997192228,18.6048964579517,54.72115002807771,0.6533333333333334,274.02018074102347
308,99.75541404683052,120.38149785829211,58.77667005936824,67.91912878783393,21.223329940631757,52.08087121216607,0.6033333333333333,279.55717839885244
309,95.47086585207076,126.64474801919712,56.82495765365056,70.62139503228232,23.175042346349443,49.378604967717685,0.5633333333333332,282.2027447546823
310,95.20351735273756,123.26761780020665,56.70251207078976,69.16827138259809,23.29748792921024,50.83172861740191,0.57,282.7969630559162
311,101.9140412993499,122.08866737204391,59.75261794069099,68.65883377305795,20.24738205930901,51.34116622694206,0.6133333333333333,277.72223657900264
312,104.33655743214892,117.93437520952571,60.84221256881063,66.85456721516499,19.15778743118937,53.145432784835,0.6399999999999999,275.5510333102183
313,102.54049288541677,119.4360782296443,60.03494968786778,67.5084443296315,19.965050312132224,52.4915556703685,0.6200000000000002,277.22038829766814
314,103.83541844595463,121.37814024171007,60.61729445644248,68.35125906823478,19.38270554355752,51.648740931765225,0.6299999999999998,276.054648695119
315,114.03827696451116,110.38385920789479,65.14906489388612,63.537095965456935,14.850935106113884,56.462904034543065,0.72,264.2056100076958
316,102.7871289267152,116.44036146283821,60.14599532791512,66.20212871512415,19.854004672084887,53.79787128487585,0.6266666666666667,276.83265720944615
317,100.74877994125866,118.66862014525087,59.226384810170615,67.17451343021841,20.773615189829382,52.825486569781596,0.6166666666666666,278.72146616939904
318,105.37849499118491,120.30111855720898,61.309052682979924,67.88424154050259,18.69094731702008,52.115758459497414,0.6366666666666666,274.64026451206547
319,110.82509092515984,114.23418749221862,63.732370285616135,65.2351416568909,16.267629714383865,54.764858343109104,0.6766666666666666,268.6293546061648
320,109.61471067889546,111.83354701787461,63.196265286472894,64.17800712624833,16.803734713527106,55.82199287375166,0.6866666666666666,269.4902661208785
321,95.74880898483835,130.58197213572643,56.95217171494828,72.30428146486193,23.047828285051718,47.69571853513806,0.5533333333333333,281.16676989098744
322,107.49412593820216,117.95996417062564,62.25370102819521,66.86572528565975,17.746298971804787,53.13427471434025,0.6566666666666667,272.5113346049309
323,101.88424346051455,126.60028803425031,59.73917856848535,70.60232318936123,20.26082143151465,49.39767681063877,0.6,277.2672858629375
324,105.52503571159403,122.65166451862804,61.3746246079331,68.90225206171894,18.625375392066903,51.09774793828105,0.6400000000000001,274.422241372439
325,106.39818994628823,117.8674119584481,61.764896722087315,66.82536523456403,18.235103277912685,53.17463476543597,0.6533333333333334,273.5912854630398
326,94.77095144814383,125.42575732627046,56.504228702704,70.0979270517851,23.495771297296002,49.902072948214894,0.5600000000000002,282.8573964177793
327,97.26580267065313,123.94135365924913,57.64500348952802,69.45889497580463,22.354996510471977,50.541105024195375,0.5733333333333334,281.28365504745864
328,93.10751843816932,131.64407188955633,55.739772302501734,72.75623764521397,24.260227697498262,47.24376235478603,0.5333333333333333,282.60569484751903
329,98.13500055869204,123.06525184189091,58.04085326437989,69.0809070148282,21.959146735620106,50.91909298517181,0.5866666666666667,280.7110626316436
330,112.25318891608246,114.1958021736138,64.36317337621652,65.21827907194299,15.636826623783481,54.78172092805701,0.7,267.03754062927044
331,106.36288724042802,119.91574498721397,61.749131911746055,67.71690199472582,18.250868088253945,52.283098005274184,0.65,273.6927224017618
332,109.98127708448673,116.16914987490661,63.35876945276532,66.08348353164968,16.641230547234677,53.91651646835033,0.6833333333333332,269.7886556728967
333,110.37155008212136,114.62920581775693,63.531645780602624,65.4085964610876,16.468354219397376,54.591403538912395,0.6933333333333332,269.18023382128484
334,101.69625384830283,120.75673719902458,59.65437087679294,68.08192389468806,20.345629123207065,51.91807610531193,0.6233333333333334,277.95105787150663
335,104.60012954138996,120.45383623159623,60.9604073006068,67.95052141369271,19.039592699393193,52.04947858630728,0.6366666666666667,275.37010774489534
336,105.20252946047403,120.49879689531893,61.230286356365056,67.97003076445705,18.769713643634947,52.02996923554295,0.6366666666666665,274.80566826475166
337,110.25078673762995,119.38486327546582,63.478167234241326,67.48617549486107,16.521832765758678,52.51382450513892,0.6799999999999999,269.6966939796755
338,109.49840282044562,112.2350316144145,63.14467814433861,64.35516480901973,16.855321855661387,55.64483519098028,0.68,269.6976886352676
339,98.56898522010553,126.75561437914699,58.238195309763185,70.66894625516028,21.761804690236815,49.331053744839714,0.58,279.93423434242175
340,108.5803289173992,121.6196131941223,62.73703076485195,68.4558349554202,17.262969235148052,51.5441650445798,0.66,271.4400097593038
341,93.85528403787197,135.3953754681187,56.083806213075746,74.34586002610298,23.916193786924257,45.65413997389702,0.5266666666666667,280.8673528138799
342,102.74774192622152,122.69794053751262,60.12826581756252,68.92224854865478,19.871734182437475,51.07775145134522,0.6166666666666667,276.9636908590189
343,106.8908191595306,121.55743577690073,61.98475997615331,68.42891205757515,18.015240023846683,51.57108794242485,0.6466666666666667,273.15043246702476
344,100.30659353279711,122.45697959827586,59.026325971461404,68.81810702241374,20.9736740285386,51.18189297758626,0.6000000000000001,279.04592732758084
345,112.73149113633511,113.7346269018617,64.57402871757927,65.01558338160748,15.425971282420727,54.98441661839252,0.7033333333333334,266.42082848009903
346,103.61804766634376,124.55081202269187,60.5196575923436,69.72147781428612,19.4803424076564,50.278522185713875,0.6233333333333333,276.02486045616104
347,103.45861201360736,119.41145067847538,60.44801351473949,67.49773627010129,19.551986485260507,52.50226372989872,0.6333333333333333,276.4064286588324
348,98.59894410313606,129.6069328540306,58.25181084314089,71.88862483470146,21.74818915685911,48.11137516529854,0.5733333333333335,279.33054191951675
349,89.42243351762579,133.9672258437958,54.03488300523453,73.74189211850606,25.96511699476547,46.25810788149395,0.5033333333333333,283.9644777969521
350,107.23982428835286,116.3154081011786,62.14038145865905,66.14747410551612,17.85961854134095,53.85252589448387,0.66,272.63802936421973
351,107.20300829889985,119.22991159386712,62.12397071917585,67.41878734056193,17.87602928082415,52.581212659438066,0.6566666666666667,272.8539150742232
352,95.94818147242466,124.45671863311182,57.043371647578674,69.68095742128874,22.956628352421326,50.31904257871126,0.5666666666666667,282.17298890864566
353,114.964067200996,108.66271511164824,65.55552799919731,62.773644655897876,14.444472000802689,57.226355344102124,0.7266666666666666,262.6322132472434
354,104.51619563176364,119.86336084469662,60.92277593662561,67.69414582039471,19.07722406337439,52.30585417960529,0.6433333333333333,275.44781187129126
355,106.4554262086785,117.99063155187743,61.79045363786194,66.8790970662238,18.209546362138063,53.1209029337762,0.65,273.5424634936777
356,103.11274857238604,119.27118581260181,60.292508495699636,67.43673938352076,19.707491504300368,52.56326061647924,0.6199999999999999,276.71253467932235
357,106.9989918790879,114.81159049287517,62.03300674360851,65.48863605052694,17.966993256391493,54.511363949473065,0.6666666666666666,272.699552016908
358,111.37574016601194,115.80064990235705,63.97581767362608,65.92217573485482,16.024182326373914,54.077824265145175,0.6866666666666668,268.2317454121429
359,104.85330612520069,117.19930147980347,61.07387562317637,66.53379906026814,18.92612437682363,53.46620093973187,0.6400000000000001,275.0222705320699
360,109.64948797036125,114.13394267506358,63.211687939127515,65.19110157921622,16.78831206087249,54.80889842078377,0.6833333333333333,269.8795163934142
361,98.95925362871536,121.77571645154839,58.41548747272279,68.52341386459253,21.584512527277216,51.47658613540747,0.5933333333333333,280.1528468919366
362,107.19079202080123,109.3958191975093,62.118525021808004,63.09916774859089,17.881474978191996,56.90083225140911,0.6766666666666665,271.3814207525166
363,107.52711870087072,120.5871758554769,62.268398424167486,68.00837530576192,17.731601575832517,51.99162469423809,0.6533333333333332,272.5383739139045
364,98.81548642912173,126.51751388810145,58.35019533423259,70.56681173766233,21.649804665767412,49.43318826233766,0.5766666666666665,279.78333538855713
365,101.78945754502207,123.29632206769506,59.69642234746574,69.18066075671187,20.303577652534255,50.81933924328813,0.6133333333333333,277.7509258027534
366,106.09026125000923,121.42111720812527,61.62734707966826,68.36987482534643,18.37265292033174,51.63012517465357,0.6366666666666666,273.9382342825176
367,98.17687850316693,125.73965232217999,58.05990482173605,70.23283395843958,21.940095178263952,49.767166041560415,0.5733333333333331,280.3905404596782
368,106.28266733160807,116.96538889776679,61.71330434163153,66.43162806733076,18.286695658368476,53.56837193266923,0.6533333333333334,273.6401415659203
369,107.72208371978591,117.46094824806238,62.355228909662884,66.64802836600256,17.64477109033712,53.351971633997444,0.66,272.25015625476067
370,97.00238131118023,128.06995664999846,57.52487528876405,71.23194680407666,22.475124711235953,48.76805319592334,0.5633333333333334,280.8621025320787
371,109.0124795455416,114.22194376206029,62.929014944014554,65.22976315555167,17.07098505598545,54.770236844448334,0.6766666666666666,270.5637773973053
372,107.09693647110508,119.94776358389673,62.076681893049894,67.73081005082739,17.92331810695011,52.26918994917261,0.6533333333333332,272.9701633132197
373,102.24684972665084,120.35560146831823,59.90265910439177,67.90788949417548,20.09734089560823,52.09211050582452,0.6266666666666666,277.4822362047046
374,108.95599563659229,114.98484916848949,62.90393179392428,65.56464351924842,17.09606820607572,54.43535648075159,0.6733333333333333,270.73201290787495
375,97.87084395266648,127.58381024150319,57.92063706382975,71.02386133487448,22.07936293617025,48.97613866512551,0.57,280.3162755437708
376,100.19681488476827,121.6672235931215,58.976627199243595,68.47644816926311,21.023372800756402,51.523551830736885,0.6,279.1734164557637
377,109.72462299767776,113.2300272879014,63.2450041457311,64.79358439561669,16.754995854268902,55.20641560438331,0.6799999999999999,269.6486516262952
378,110.51113107142885,111.65337535763044,63.59344066717683,64.09845752010233,16.40655933282317,55.90154247989767,0.6933333333333334,268.49011114797776
379,97.82657588307116,122.47151970697527,57.90048359083535,68.82439248911805,22.099516409164654,51.175607510881946,0.59,280.9824814255244
380,97.90083862973358,121.72452677351377,57.934291239277506,68.5012554638925,22.065708760722494,51.4987445361075,0.5866666666666667,280.96372335739846
381,103.30175490778183,120.96934240603036,60.37750326605515,68.17410943878626,19.62249673394485,51.82589056121374,0.6266666666666666,276.5460749695214
382,114.43549030065368,116.08396444174286,65.32355213598393,66.0462048233103,14.676447864016067,53.953795176689695,0.7033333333333334,264.7558982659528
383,100.17799123593538,120.5195142181997,58.96810413247408,67.97901986882817,21.031895867525915,52.020980131171825,0.6033333333333334,279.2158778151855
384,98.29284573905363,125.25241339095979,58.1126520795191,70.023393291563,21.8873479204809,49.976606708437004,0.5833333333333334,280.36867720357975
385,110.70680898816158,117.14498897219738,63.68004030753319,66.51008002463757,16.319959692466806,53.48991997536243,0.6833333333333333,269.0935582001991
386,107.39405295481734,118.57028102793997,62.20911481333569,67.13168884860627,17.790885186664312,52.86831115139372,0.6533333333333332,272.6415258847676
387,100.16709067101085,122.9664250313388,58.96316835066963,69.0382299771571,21.036831649330367,50.9617700228429,0.6,279.1261632075835
388,99.78134341611027,125.37976897594058,58.788421850899766,70.0781554753595,21.21157814910023,49.9218445246405,0.5966666666666666,279.1903032348427
389,101.82348157095267,123.94285690501418,59.711771030045995,69.45954300961263,20.288228969954005,50.54045699038737,0.61,277.6648912434328
390,103.2484140715622,116.0438683708317,60.3535199186657,66.02865586220898,19.646480081334307,53.97134413779103,0.6333333333333333,276.3837155136328
391,96.23361424288143,125.68793984546261,57.17386248043811,70.21061413847528,22.82613751956189,49.78938586152472,0.5766666666666667,281.81890159394425
392,113.53425165866537,114.07242357405568,64.92745540359411,65.16407026610197,15.072544596405892,54.83592973389803,0.7033333333333333,265.55058250090576
393,103.814915179404,115.44545555076327,60.60808697966691,65.76658020865179,19.391913020333092,54.23341979134822,0.6433333333333332,275.80572197534116
394,105.85086051909937,121.39255213046013,61.52034474769048,68.35750184260917,18.47965525230952,51.642498157390825,0.6433333333333333,274.1700686757171
395,108.90800144282866,110.56338035335557,62.88261636465866,63.6165676823031,17.117383635341344,56.3834323176969,0.6866666666666668,269.9387638208137
396,97.17393021143855,124.2969279319403,57.60311537309401,69.61212892526484,22.396884626905983,50.38787107473516,0.5799999999999998,281.3150294436286
397,110.39464571336228,115.90790642062363,63.54187185535805,65.96913858867214,16.458128144641947,54.030861411327855,0.6800000000000002,269.3164417974246
398,104.48857414147909,125.60002734125288,60.910390449577704,70.17283504594606,19.0896095504223,49.82716495405394,0.6199999999999999,275.0979787802493
399,106.05739951696907,119.5242023616747,61.61266253149049,67.54675653057015,18.387337468509507,52.45324346942986,0.64,273.9848427639125
400,107.40517022842434,113.33350347501387,62.21406844309612,64.83912740029018,17.785931556903883,55.160872599709826,0.6666666666666665,272.0625317668126
401,104.44664213322936,120.40374044867241,60.891586676409894,67.92878185031176,19.108413323590106,52.071218149688235,0.6333333333333332,275.51263476947037
402,97.32715249587216,123.23667383096362,57.67297010248697,69.1549145596889,22.327029897513032,50.84508544031109,0.58,281.3001817976747
403,99.63046164098321,121.97984588669402,58.72002884335324,68.61175370894196,21.27997115664676,51.38824629105804,0.6033333333333334,279.6154571004753
404,108.82785040694463,114.7339958786454,62.84701443885145,65.45458721110666,17.152985561148547,54.54541278889334,0.6699999999999999,270.8311904267018
405,108.06448017694936,114.70469400611083,62.50763241012022,65.44172804546425,17.492367589879777,54.558271954535755,0.6733333333333333,271.6131166903892
406,103.35158968947003,114.3754470152283,60.39990762324979,65.29718539511596,19.60009237675021,54.70281460488404,0.64,276.07865262074563
407,96.84641770970755,124.05953328869369,57.45371563791344,69.50983546848391,22.54628436208656,50.49016453151609,0.5833333333333334,281.5771040193908
408,91.38019691622308,132.15974244435054,54.942611264805066,72.97536766870876,25.057388735194934,47.024632331291244,0.5166666666666667,283.4837471424064
409,97.45471105996312,130.90356672303278,57.731105269437926,72.44121911293459,22.268894730562074,47.5587808870654,0.5633333333333332,279.8607582902575
410,109.16487034197294,113.74142170375215,62.9966730888661,65.01857120696974,17.003326911133893,54.98142879303027,0.6766666666666665,270.32772852863286
411,94.61850248818652,124.13358800054583,56.43429806667045,69.54175052040387,23.56570193332955,50.458249479596134,0.5600000000000002,283.1104993047849
412,100.42313910756356,123.05219907657722,59.07907451906409,69.07527080596284,20.920925480935903,50.92472919403715,0.6099999999999999,278.911497484548
413,100.67638977863558,123.77445532520522,59.1936471494686,69.38693553248007,20.806352850531393,50.61306446751994,0.6033333333333334,278.64376587529006
414,108.81958580049042,117.58963623342775,62.84334307665543,66.7041892033059,17.15665692334457,53.2958107966941,0.6666666666666665,271.1338434822774
415,101.51623706784669,123.49393647707765,59.5731260510736,69.26593729649986,20.426873948926396,50.73406270350014,0.6066666666666667,277.96694983614515
416,104.28477033350278,121.44542696613942,60.81898137110281,68.38040408442035,19.181018628897192,51.619595915579644,0.6266666666666668,275.64173294214464
417,106.09210859046468,120.48106726167809,61.62817254848164,67.96233771475167,18.371827451518357,52.03766228524833,0.6333333333333332,273.9553000973753
418,102.48807792723275,116.37870842849718,60.01134239101272,66.17516336580363,19.988657608987285,53.82483663419637,0.6266666666666667,277.0888022517765
419,106.08875330181964,116.75020218006217,61.62667326302473,66.33759472196746,18.373326736975276,53.66240527803254,0.6533333333333335,273.80999977371437
420,103.82449972025077,119.43190419064966,60.61239119665045,67.50662949329286,19.387608803349554,52.49337050670714,0.6366666666666666,276.07639939270064
421,110.59530289307561,114.05246548665063,63.63069626319164,65.15530001817694,16.36930373680836,54.84469998182305,0.6866666666666666,268.8513785574552
422,112.75552024435416,117.99373522090696,64.58461628643639,66.88045030242546,15.415383713563617,53.119549697574534,0.6900000000000001,266.8647897486209
423,95.55521616215346,128.18708011643747,56.863573657618765,71.28205194680893,23.136426342381235,48.71794805319107,0.56,281.86059101896075
424,100.39149272818099,127.56574717373438,59.06475276005127,71.01612626990762,20.93524723994873,48.983873730092384,0.5933333333333334,278.3461724298359
425,114.88810213538,111.76574700724026,65.52220447810647,64.14807545794281,14.477795521893531,55.8519245420572,0.72,263.5219506283163
426,102.21518622592713,117.70500660319081,59.88838899633464,66.75452603154459,20.11161100366536,53.245473968455414,0.6199999999999999,277.4323643030042
427,103.37570588472767,117.60436692933224,60.410748711020716,66.71061693436717,19.589251288979284,53.28938306563283,0.6333333333333332,276.40389464133244
428,110.54944120367944,114.47031976489828,63.61039806575631,65.33884529659584,16.389601934243693,54.661154703404165,0.69,268.96470643328774
429,98.39226936391128,121.67807461012299,58.15786310503872,68.48114592304171,21.84213689496128,51.5188540769583,0.5966666666666666,280.5937462352209
430,106.12316476771038,118.19292930995776,61.64204924804463,66.96728409864335,18.357950751955375,53.032715901356646,0.6466666666666667,273.8765291363797
431,102.31378135269308,122.53545078425594,59.93282049724868,68.8520268736542,20.067179502751323,51.1479731263458,0.6133333333333332,277.3529653249179
432,110.6836225737608,114.87393879640834,63.66978072394846,65.51599089773377,16.330219276051533,54.48400910226623,0.6866666666666668,268.87601846313083
433,106.69805591987249,119.38945942350294,61.89875653893559,67.48817404145359,18.101243461064414,52.51182595854641,0.65,273.35753338532675
434,106.92911177021104,118.91099304449675,62.00184038228757,67.28002669661888,17.998159617712435,52.719973303381124,0.65,273.1170533401626
435,112.00636648003122,109.79109556979841,64.25428279584024,63.274474876728,15.745717204159758,56.725525123272,0.7033333333333333,266.3859373905403
436,97.49418803703573,126.3342888051635,57.74909345152369,70.48818612725077,22.250906548476305,49.51181387274922,0.5766666666666667,280.8124620033021
437,100.22122243756542,122.23297056638705,58.98767802408719,68.72124956099753,21.012321975912812,51.27875043900247,0.5966666666666666,279.1278195923133
438,110.35028250813436,118.11927662413521,63.522228679772326,66.93518094777357,16.477771320227678,53.064819052226426,0.6766666666666665,269.5434920310391
439,110.82200535467899,114.15777594523765,63.73100533955885,65.20157294475354,16.268994660441148,54.79842705524647,0.6833333333333333,268.62097237663096
440,100.93503772061054,119.19248877660318,59.31059291930066,67.40250920835393,20.689407080699336,52.59749079164607,0.6133333333333333,278.5837304989406
441,103.51596071638785,115.86631256134453,60.473786686035126,65.9509276805915,19.52621331396487,54.049072319408495,0.6333333333333333,276.1247145786499
442,107.19818618188275,121.91838086388752,62.12182116259759,68.58515745998373,17.87817883740241,51.41484254001627,0.6433333333333334,272.830756615179
443,108.82861940471466,111.53471654016886,62.84735604523234,64.04605095921605,17.15264395476766,55.95394904078395,0.6799999999999998,270.250213543496
444,106.47985749695623,119.96492375898525,61.8013616370531,67.73826363754338,18.1986383629469,52.26173636245662,0.6433333333333332,273.5787879253174
445,108.12775924138622,115.87211638327044,62.53578623732919,65.95346884017589,17.46421376267081,54.04653115982411,0.6666666666666666,271.6950749911121
446,98.78965737305984,125.84792461955423,58.33846269859859,70.27934957703454,21.661537301401413,49.720650422965456,0.5866666666666666,279.9058838214588
447,114.48131089032924,112.3454932262809,65.34367113260336,64.40388104163372,14.656328867396631,55.596118958366276,0.7166666666666666,264.12830491413285
448,105.5318610325751,116.02099239177392,61.37767819162697,66.01864304066613,18.622321808373027,53.981356959333866,0.6533333333333334,274.2739627420541
449,109.74673136126856,114.4799481052907,63.2548063845188,65.3430727850249,16.745193615481195,54.656927214975106,0.6833333333333333,269.8284152158549
450,108.42349289495039,115.47504455070269,62.66731231969319,65.77954610394237,17.33268768030681,54.220453896057634,0.6733333333333335,271.3459956254239
451,103.9545932098958,118.29390788631989,60.67080439949261,67.01129034051934,19.329195600507393,52.98870965948066,0.6333333333333334,275.92000683996025
452,96.75966475055843,125.60030725336726,57.41412245582963,70.17295534370024,22.58587754417037,49.82704465629976,0.5766666666666667,281.4564685876531
453,100.28555310603838,123.7280066854637,59.01680156383354,69.36690487803878,20.983198436166457,50.63309512196122,0.6033333333333333,278.968119762015
454,97.76267250590107,125.72512753351607,57.87138723910786,70.22659315942425,22.12861276089214,49.77340684057574,0.5800000000000001,280.7040081720656
455,101.75100798440945,121.87241937860523,59.6790758233391,68.56526765386386,20.320924176660903,51.434732346136144,0.6166666666666667,277.87165964215393
456,103.7333381432088,117.55191451510056,60.571448724670375,66.6877285049978,19.42855127532962,53.31227149500219,0.6300000000000001,276.0782686820923
457,112.94696192675653,108.0411024460827,64.6689496438961,62.497230336468945,15.331050356103905,57.502769663531055,0.7133333333333335,264.808606300637
458,99.33485020808776,121.379631543815,58.585962170794105,68.35190506107244,21.414037829205895,51.64809493892756,0.5933333333333334,279.87289912471647
459,98.1408612670855,121.05208797740067,58.04351959271102,68.20997777994413,21.956480407288982,51.79002222005587,0.6,280.8039407899656
460,97.65546588457963,121.5342424996193,57.82256428454741,68.41886852633539,22.17743571545259,51.58113147366461,0.5866666666666666,281.154051928098
461,108.12343550007019,117.81563868173154,62.53386265948761,66.80278482016509,17.466137340512393,53.19721517983491,0.6633333333333333,271.86542188913376
462,105.35238160975503,119.02617229482637,61.29736563591764,67.33015078909926,18.702634364082357,52.669849210900736,0.64,274.6485873183905
463,106.70641389738407,115.94812687639721,61.90248628564086,65.98674674967214,18.09751371435914,54.013253250327864,0.6599999999999999,273.128544326466
464,107.22923267058356,116.93371526970009,62.1356603747662,66.4177896775752,17.8643396252338,53.58221032242479,0.66,272.70487851813755
465,93.77082265780048,125.72045804359112,56.04497877976986,70.22458680586325,23.955021220230133,49.77541319413674,0.5566666666666666,283.4689930893976
466,98.63156591827297,122.04584364067622,58.26663552421379,68.64030785231353,21.73336447578621,51.359692147686474,0.5966666666666666,280.394424273639
467,100.34635682247273,124.56198892140264,59.04432443210611,69.72629056632564,20.95567556789389,50.27370943367435,0.6,278.8339645169005
468,116.46610911079767,109.67539867651972,66.21338905605121,63.2231778017436,13.786610943948787,56.7768221982564,0.7333333333333331,261.0897848215234
469,101.5026262896158,121.61832047492811,59.566981909656505,68.45527523876311,20.43301809034349,51.544724761236886,0.6099999999999999,278.09292846657223
470,98.92207352743308,120.85111146143653,58.398604160963615,68.12284916114874,21.601395839036382,51.87715083885127,0.6,280.2088735270705
471,109.5911797469297,115.57172520999205,63.1858294057765,65.82190621034505,16.8141705942235,54.178093789654945,0.6733333333333331,270.13801865820886
472,100.49712616358454,123.47100521863317,59.1125537424725,69.2560433872323,20.8874462575275,50.7439566127677,0.6,278.81785511756556
473,101.80834134398863,121.47553351261402,59.70494122204978,68.39344342603322,20.295058777950217,51.606556573966785,0.62,277.8380088077794
474,104.13283446272125,119.39589944801307,60.750809020994154,67.49097433240584,19.24919097900585,52.509025667594166,0.6333333333333332,275.7945055493111
475,100.35809592235476,128.05219706124606,59.049637705117476,71.22434837081559,20.950362294882527,48.7756516291844,0.5900000000000001,278.27892743363043
476,100.24432912304994,123.115274070843,58.998139292700245,69.10250543114348,21.001860707299755,50.897494568856516,0.6033333333333333,279.0525476767673
477,111.80292152863792,111.10345136737112,64.16448741131286,63.85547094725452,15.835512588687143,56.14452905274548,0.7,266.94358414914694
478,102.76040697692792,118.21952996605964,60.133966985002374,66.9788774476198,19.866033014997626,53.021122552380206,0.62,276.98579413511584
479,107.0402659369335,119.50249917035114,62.05141266805545,67.53732161556735,17.948587331944548,52.46267838443264,0.6533333333333334,273.021424710456
480,105.15799115282746,116.2248754564667,61.21034513819309,66.10786665527418,18.789654861806905,53.89213334472582,0.6533333333333334,274.64962819322085
481,103.7799706405775,115.79427710456676,60.59239334084667,65.91938505459845,19.407606659153327,54.08061494540154,0.6433333333333332,275.8782187421337
482,113.89951133246797,110.86945672711789,65.0880751080514,63.75199516068328,14.911924891948596,56.24800483931672,0.7133333333333334,264.4882232246251
483,103.60145805835613,120.96944328426002,60.512204064951746,68.1741531706727,19.487795935048258,51.82584682932731,0.6233333333333334,276.2769303964588
484,95.3665907596296,130.02372216685268,56.777209097482384,72.0663889930525,23.222790902517612,47.9336110069475,0.55,281.57283054393935
485,102.94875711468295,115.47081947724311,60.21873359982217,65.77769472431942,19.78126640017783,54.222305275680576,0.6366666666666666,276.5850271393609
486,110.80988939880316,112.33876759277092,63.725645589048355,64.40091519131033,16.27435441095164,55.59908480868967,0.6966666666666668,268.3097359669542
487,111.94469074641225,108.48848549651159,64.22706468727976,62.696206355880875,15.77293531272024,57.303793644119125,0.7066666666666666,266.0832717133581
488,107.2961828102531,114.88853430525573,62.16550077024641,65.52239407202204,17.834499229753586,54.47760592797796,0.6633333333333333,272.41419957365525
489,99.3541579094383,127.67279401615352,58.59472147090742,71.06196276195325,21.405278529092577,48.938037238046746,0.5833333333333333,279.1586456974322
490,102.7314250847606,120.95812470229247,60.120920558934806,68.16924638117727,19.879079441065194,51.830753618822726,0.6133333333333334,277.05189733310493
491,102.09634141883701,120.71258713425588,59.834818909339845,68.06277574711265,20.165181090660155,51.937224252887354,0.6166666666666667,277.6089307180922
492,104.82070531692352,113.39459197055575,61.05926818862591,64.86600979287553,18.940731811374093,55.13399020712446,0.6566666666666666,274.5759063644139
493,108.8310586858012,118.90095210735372,62.848439625942206,67.2756565171063,17.151560374057798,52.7243434828937,0.6666666666666665,271.18657043244525
494,103.05322334418152,122.54356132844241,60.2657329925559,68.85553244090016,19.734267007444103,51.14446755909983,0.6133333333333334,276.7035007463644
495,104.53226910133203,120.91129093584246,60.929982938988914,68.14894205476776,19.070017061011082,51.85105794523224,0.6333333333333333,275.4270169245268
496,107.22413420733234,117.15535205873181,62.133387758850304,66.51460592609716,17.866612241149696,53.48539407390284,0.6533333333333332,272.72774005011655
497,106.77838106409783,116.50512202574242,61.934598838487894,66.23044966448069,18.065401161512106,53.76955033551932,0.6566666666666665,273.11407708029043
498,92.15734630462767,131.39322960105704,55.30169312341158,72.6495726603043,24.698306876588415,47.35042733969569,0.5333333333333333,283.25519970388433
499,94.67976823540047,125.44601696373054,56.46240471114068,70.1066366609428,23.537595288859322,49.893363339057196,0.5633333333333332,282.9152590192265
500,102.98941154459239,119.6754567969131,60.237025349410615,67.61249960748432,19.762974650589385,52.387500392515676,0.63,276.8291723185892
